<?xml version="1.0" encoding="UTF-8" ?>
<!DOCTYPE struts PUBLIC
        "-//Apache Software Foundation//DTD Struts Configuration 2.0//EN"
        "http://struts.apache.org/dtds/struts-2.0.dtd">
<struts>
    <package name="convenience.house" namespace="/house" extends="dqdp-default">
        <action name="houseAction" class="cn.com.do1.component.convenience.house.ui.HouseAction">
            <result name="edit"/>
            <result name="list"/>
        </action>
    </package>
    <package name="house.portal" namespace="/portal" extends="portal-default">
        <action name="portalHouseAction" class="cn.com.do1.component.convenience.house.ui.PortalHouseAction">
            <result name="edit"/>
            <result name="list"/>
        </action>
    </package>
</struts>
