<?xml version="1.0" encoding="UTF-8"?>

<permissions> 
  <perm code="" name="" model=""/>  
  <perm model="隐患上报管理" name="隐患上报查看列表" code="reportdangerList"/>  
  <perm model="隐患上报管理" name="隐患上报新增" code="reportdangerAdd"/>  
  <perm model="隐患上报管理" name="隐患上报编辑" code="reportdangerUpdate"/>  
  <perm model="隐患上报管理" name="隐患上报删除" code="reportdangerDel"/>  
  <perm model="隐患上报管理" name="隐患上报查看" code="reportdangerView"/>
  <perm model="隐患上报管理" name="隐患上报统计" code="reportdangerTj"/>
  <perm model="隐患上报管理" name="隐患上报导出" code="reportdangerExport"/>
 
<!-- <perm model="申报信息管理" name="申报信息查看列表" code="declareList"/>
<perm model="申报信息管理" name="申报信息新增" code="declareAdd"/>
<perm model="申报信息管理" name="申报信息编辑" code="declareUpdate"/>
<perm model="申报信息管理" name="申报信息删除" code="declareDel"/>
<perm model="申报信息管理" name="申报信息查看" code="declareView"/> -->
</permissions>
