<?xml version="1.0" encoding="UTF-8"?>
<beans xmlns="http://www.springframework.org/schema/beans"
       xmlns:xsi="http://www.w3.org/2001/XMLSchema-instance" xmlns:p="http://www.springframework.org/schema/p"
       xmlns:aop="http://www.springframework.org/schema/aop" xmlns:tx="http://www.springframework.org/schema/tx"
       xmlns:context="http://www.springframework.org/schema/context"
       xsi:schemaLocation="http://www.springframework.org/schema/tx http://www.springframework.org/schema/tx/spring-tx-3.0.xsd http://www.springframework.org/schema/beans
 http://www.springframework.org/schema/beans/spring-beans-3.0.xsd http://www.springframework.org/schema/aop http://www.springframework.org/schema/aop/spring-aop-3.0.xsd http://www.springframework.org/schema/context
http://www.springframework.org/schema/context/spring-context-3.0.xsd">
        <!--
    <bean id="httpInvokerProxy"
          class="cn.com.do1.common.framebase.spring.cluster.DqdpHttpInvokerProxyFactoryBean">
        <property name="serviceUrl">
            <value>@\{remote}/remoteService.remote</value>
        </property>
        <property name="serviceInterface">
            <value>org.springframework.samples.jpetstore.domain.logic.OrderService</value>
        </property>
    </bean>
    -->
</beans>