<?xml version="1.0" encoding="UTF-8" ?>
<!DOCTYPE struts PUBLIC
        "-//Apache Software Foundation//DTD Struts Configuration 2.0//EN"
        "http://struts.apache.org/dtds/struts-2.0.dtd">
<struts>
    <package name="convenience.declare" namespace="/declare" extends="dqdp-default">
        <action name="declareAction" class="cn.com.do1.component.convenience.declare.ui.DeclareAction">
            <result name="edit"/>
            <result name="list"/>
        </action>
    </package>
    <package name="declare.portal" namespace="/portal" extends="portal-default">
        <action name="portalDeclareAction" class="cn.com.do1.component.convenience.declare.ui.PortalDeclareAction">
            <result name="edit"/>
            <result name="list"/>
        </action>
    </package>
</struts>
