<?xml version="1.0" encoding="UTF-8" ?>
<!DOCTYPE struts PUBLIC
        "-//Apache Software Foundation//DTD Struts Configuration 2.0//EN"
        "http://struts.apache.org/dtds/struts-2.0.dtd">
<struts>
    <package name="reportdanger.reportdanger" namespace="/reportdanger" extends="dqdp-default">
        <action name="reportdangerAction" class="cn.com.do1.component.reportdanger.reportdanger.ui.ReportdangerAction">
            <result name="edit"/>
            <result name="list"/>
        </action>
    </package>
    <package name="reportdanger.reportPortal" namespace="/portal/reportPortal" extends="dqdp-default">
        <action name="reportPortalAction" class="cn.com.do1.component.reportdanger.reportdanger.ui.reportPortalAction">
            <result name="edit"/>
            <result name="list"/>
        </action>
    </package>
    <package name="reportdanger.dangerDescribe" namespace="/dangerDescribe" extends="dqdp-default">
        <action name="dangerDescribeAction" class="cn.com.do1.component.reportdanger.reportdanger.ui.DangerDescribeAction">
            <result name="edit"/>
            <result name="list"/>
        </action>
    </package>
</struts>
