<?xml version="1.0" encoding="UTF-8" ?>
<!DOCTYPE struts PUBLIC
        "-//Apache Software Foundation//DTD Struts Configuration 2.0//EN"
        "http://struts.apache.org/dtds/struts-2.0.dtd">
<struts>
    <package name="convenience.lease" namespace="/lease" extends="dqdp-default">
        <action name="leaseInfoAction" class="cn.com.do1.component.convenience.lease.ui.LeaseInfoAction">
            <result name="edit"/>
            <result name="list"/>
        </action>
    </package>
    <package name="lease.portal" namespace="/portal" extends="portal-default">
        <action name="portalLeaseInfoAction" class="cn.com.do1.component.convenience.lease.ui.PortalLeaseInfoAction">
            <result name="edit"/>
            <result name="list"/>
        </action>
    </package>

    <package name="lease.open" namespace="/open/lease" extends="dqdp-default">
        <action name="openLeaseInfoAction" class="cn.com.do1.component.convenience.lease.ui.OpenLeaseInfoAction">
            <result name="edit"/>
            <result name="list"/>
        </action>
    </package>
</struts>
